"filename", "language", "XML", "Java", "comment", "blank", "total"
"c:\Users\almcg\Projects\rogue_dungeons_repo\rogue_dungeons\pom.xml", "XML", 13, 0, 0, 3, 16
"c:\Users\almcg\Projects\rogue_dungeons_repo\rogue_dungeons\src\main\java\alan\Constants.java", "Java", 0, 42, 6, 9, 57
"c:\Users\almcg\Projects\rogue_dungeons_repo\rogue_dungeons\src\main\java\alan\Main.java", "Java", 0, 64, 11, 12, 87
"c:\Users\almcg\Projects\rogue_dungeons_repo\rogue_dungeons\src\main\java\alan\creatures\ArmorClass.java", "Java", 0, 171, 3, 57, 231
"c:\Users\almcg\Projects\rogue_dungeons_repo\rogue_dungeons\src\main\java\alan\creatures\Creature.java", "Java", 0, 609, 44, 187, 840
"c:\Users\almcg\Projects\rogue_dungeons_repo\rogue_dungeons\src\main\java\alan\creatures\PartyPlayers.java", "Java", 0, 74, 1, 15, 90
"c:\Users\almcg\Projects\rogue_dungeons_repo\rogue_dungeons\src\main\java\alan\creatures\PlayableCharacter.java", "Java", 0, 28, 8, 20, 56
"c:\Users\almcg\Projects\rogue_dungeons_repo\rogue_dungeons\src\main\java\alan\equipment\Weapon.java", "Java", 0, 207, 21, 68, 296
"c:\Users\almcg\Projects\rogue_dungeons_repo\rogue_dungeons\src\main\java\alan\equipment\weapons\Battleaxe.java", "Java", 0, 24, 0, 4, 28
"c:\Users\almcg\Projects\rogue_dungeons_repo\rogue_dungeons\src\main\java\alan\equipment\weapons\Blowgun.java", "Java", 0, 21, 0, 5, 26
"c:\Users\almcg\Projects\rogue_dungeons_repo\rogue_dungeons\src\main\java\alan\equipment\weapons\Club.java", "Java", 0, 23, 0, 5, 28
"c:\Users\almcg\Projects\rogue_dungeons_repo\rogue_dungeons\src\main\java\alan\equipment\weapons\Dagger.java", "Java", 0, 25, 0, 4, 29
"c:\Users\almcg\Projects\rogue_dungeons_repo\rogue_dungeons\src\main\java\alan\equipment\weapons\Dart.java", "Java", 0, 24, 0, 5, 29
"c:\Users\almcg\Projects\rogue_dungeons_repo\rogue_dungeons\src\main\java\alan\equipment\weapons\Flail.java", "Java", 0, 22, 0, 4, 26
"c:\Users\almcg\Projects\rogue_dungeons_repo\rogue_dungeons\src\main\java\alan\equipment\weapons\Glaive.java", "Java", 0, 26, 0, 5, 31
"c:\Users\almcg\Projects\rogue_dungeons_repo\rogue_dungeons\src\main\java\alan\equipment\weapons\Greataxe.java", "Java", 0, 24, 0, 5, 29
"c:\Users\almcg\Projects\rogue_dungeons_repo\rogue_dungeons\src\main\java\alan\equipment\weapons\Greatclub.java", "Java", 0, 24, 0, 5, 29
"c:\Users\almcg\Projects\rogue_dungeons_repo\rogue_dungeons\src\main\java\alan\equipment\weapons\Greatsword.java", "Java", 0, 24, 0, 5, 29
"c:\Users\almcg\Projects\rogue_dungeons_repo\rogue_dungeons\src\main\java\alan\equipment\weapons\Halbred.java", "Java", 0, 26, 0, 5, 31
"c:\Users\almcg\Projects\rogue_dungeons_repo\rogue_dungeons\src\main\java\alan\equipment\weapons\HandCrossbow.java", "Java", 0, 22, 0, 5, 27
"c:\Users\almcg\Projects\rogue_dungeons_repo\rogue_dungeons\src\main\java\alan\equipment\weapons\Handaxe.java", "Java", 0, 24, 0, 5, 29
"c:\Users\almcg\Projects\rogue_dungeons_repo\rogue_dungeons\src\main\java\alan\equipment\weapons\HeavyCrossbow.java", "Java", 0, 24, 0, 5, 29
"c:\Users\almcg\Projects\rogue_dungeons_repo\rogue_dungeons\src\main\java\alan\equipment\weapons\Javelin.java", "Java", 0, 23, 0, 4, 27
"c:\Users\almcg\Projects\rogue_dungeons_repo\rogue_dungeons\src\main\java\alan\equipment\weapons\Lance.java", "Java", 0, 26, 0, 5, 31
"c:\Users\almcg\Projects\rogue_dungeons_repo\rogue_dungeons\src\main\java\alan\equipment\weapons\LightCrossbow.java", "Java", 0, 24, 0, 4, 28
"c:\Users\almcg\Projects\rogue_dungeons_repo\rogue_dungeons\src\main\java\alan\equipment\weapons\LightHammer.java", "Java", 0, 24, 0, 4, 28
"c:\Users\almcg\Projects\rogue_dungeons_repo\rogue_dungeons\src\main\java\alan\equipment\weapons\Longbow.java", "Java", 0, 24, 0, 4, 28
"c:\Users\almcg\Projects\rogue_dungeons_repo\rogue_dungeons\src\main\java\alan\equipment\weapons\Longsword.java", "Java", 0, 23, 0, 5, 28
"c:\Users\almcg\Projects\rogue_dungeons_repo\rogue_dungeons\src\main\java\alan\equipment\weapons\Mace.java", "Java", 0, 22, 0, 4, 26
"c:\Users\almcg\Projects\rogue_dungeons_repo\rogue_dungeons\src\main\java\alan\equipment\weapons\Maul.java", "Java", 0, 24, 0, 5, 29
"c:\Users\almcg\Projects\rogue_dungeons_repo\rogue_dungeons\src\main\java\alan\equipment\weapons\Morningstar.java", "Java", 0, 23, 0, 5, 28
"c:\Users\almcg\Projects\rogue_dungeons_repo\rogue_dungeons\src\main\java\alan\equipment\weapons\Musket.java", "Java", 0, 22, 0, 5, 27
"c:\Users\almcg\Projects\rogue_dungeons_repo\rogue_dungeons\src\main\java\alan\equipment\weapons\Pike.java", "Java", 0, 25, 0, 5, 30
"c:\Users\almcg\Projects\rogue_dungeons_repo\rogue_dungeons\src\main\java\alan\equipment\weapons\Pistol.java", "Java", 0, 21, 0, 5, 26
"c:\Users\almcg\Projects\rogue_dungeons_repo\rogue_dungeons\src\main\java\alan\equipment\weapons\Quarterstaff.java", "Java", 0, 22, 0, 4, 26
"c:\Users\almcg\Projects\rogue_dungeons_repo\rogue_dungeons\src\main\java\alan\equipment\weapons\Rapier.java", "Java", 0, 22, 0, 5, 27
"c:\Users\almcg\Projects\rogue_dungeons_repo\rogue_dungeons\src\main\java\alan\equipment\weapons\Scimitar.java", "Java", 0, 23, 0, 5, 28
"c:\Users\almcg\Projects\rogue_dungeons_repo\rogue_dungeons\src\main\java\alan\equipment\weapons\Shortbow.java", "Java", 0, 24, 0, 4, 28
"c:\Users\almcg\Projects\rogue_dungeons_repo\rogue_dungeons\src\main\java\alan\equipment\weapons\Shortsword.java", "Java", 0, 23, 0, 5, 28
"c:\Users\almcg\Projects\rogue_dungeons_repo\rogue_dungeons\src\main\java\alan\equipment\weapons\Sickle.java", "Java", 0, 23, 0, 4, 27
"c:\Users\almcg\Projects\rogue_dungeons_repo\rogue_dungeons\src\main\java\alan\equipment\weapons\Sling.java", "Java", 0, 22, 0, 5, 27
"c:\Users\almcg\Projects\rogue_dungeons_repo\rogue_dungeons\src\main\java\alan\equipment\weapons\Spear.java", "Java", 0, 25, 0, 4, 29
"c:\Users\almcg\Projects\rogue_dungeons_repo\rogue_dungeons\src\main\java\alan\equipment\weapons\Trident.java", "Java", 0, 24, 0, 5, 29
"c:\Users\almcg\Projects\rogue_dungeons_repo\rogue_dungeons\src\main\java\alan\equipment\weapons\WarPick.java", "Java", 0, 23, 0, 5, 28
"c:\Users\almcg\Projects\rogue_dungeons_repo\rogue_dungeons\src\main\java\alan\equipment\weapons\Warhammer.java", "Java", 0, 23, 0, 5, 28
"c:\Users\almcg\Projects\rogue_dungeons_repo\rogue_dungeons\src\main\java\alan\equipment\weapons\Whip.java", "Java", 0, 24, 0, 5, 29
"c:\Users\almcg\Projects\rogue_dungeons_repo\rogue_dungeons\src\main\java\alan\game_panel\Card.java", "Java", 0, 86, 9, 19, 114
"c:\Users\almcg\Projects\rogue_dungeons_repo\rogue_dungeons\src\main\java\alan\game_panel\GameManager.java", "Java", 0, 14, 23, 17, 54
"c:\Users\almcg\Projects\rogue_dungeons_repo\rogue_dungeons\src\main\java\alan\game_panel\GamePanel.java", "Java", 0, 61, 4, 15, 80
"c:\Users\almcg\Projects\rogue_dungeons_repo\rogue_dungeons\src\main\java\alan\grid_panel\Cell.java", "Java", 0, 84, 4, 27, 115
"c:\Users\almcg\Projects\rogue_dungeons_repo\rogue_dungeons\src\main\java\alan\grid_panel\Grid.java", "Java", 0, 61, 9, 18, 88
"c:\Users\almcg\Projects\rogue_dungeons_repo\rogue_dungeons\src\main\java\alan\grid_panel\GridManager.java", "Java", 0, 28, 27, 17, 72
"c:\Users\almcg\Projects\rogue_dungeons_repo\rogue_dungeons\src\main\java\alan\grid_panel\GridPanel.java", "Java", 0, 44, 7, 17, 68
"c:\Users\almcg\Projects\rogue_dungeons_repo\rogue_dungeons\src\main\java\alan\interfaces\DiceRoll.java", "Java", 0, 10, 3, 7, 20
"c:\Users\almcg\Projects\rogue_dungeons_repo\rogue_dungeons\src\main\java\alan\player_class\Barbarian.java", "Java", 0, 22, 7, 16, 45
"c:\Users\almcg\Projects\rogue_dungeons_repo\rogue_dungeons\src\main\java\alan\player_class\Bard.java", "Java", 0, 60, 10, 25, 95
"c:\Users\almcg\Projects\rogue_dungeons_repo\rogue_dungeons\src\main\java\alan\player_class\Cleric.java", "Java", 0, 88, 10, 31, 129
"c:\Users\almcg\Projects\rogue_dungeons_repo\rogue_dungeons\src\main\java\alan\player_class\Druid.java", "Java", 0, 83, 10, 26, 119
"c:\Users\almcg\Projects\rogue_dungeons_repo\rogue_dungeons\src\main\java\alan\player_class\Fighter.java", "Java", 0, 41, 10, 23, 74
"c:\Users\almcg\Projects\rogue_dungeons_repo\rogue_dungeons\src\main\java\alan\player_class\PlayerClass.java", "Java", 0, 546, 35, 100, 681
"c:\Users\almcg\Projects\rogue_dungeons_repo\rogue_dungeons\src\main\java\alan\player_class\PlayerClassInterface.java", "Java", 0, 7, 0, 2, 9
"c:\Users\almcg\Projects\rogue_dungeons_repo\rogue_dungeons\src\main\java\alan\player_class\SpellSlots.java", "Java", 0, 141, 0, 50, 191
"c:\Users\almcg\Projects\rogue_dungeons_repo\rogue_dungeons\src\main\java\alan\player_class\features\FeatureAbstract.java", "Java", 0, 230, 10, 88, 328
"c:\Users\almcg\Projects\rogue_dungeons_repo\rogue_dungeons\src\main\java\alan\player_class\features\class_features\BardicInspiration.java", "Java", 0, 42, 1, 12, 55
"c:\Users\almcg\Projects\rogue_dungeons_repo\rogue_dungeons\src\main\java\alan\player_class\features\class_features\Rage.java", "Java", 0, 93, 37, 18, 148
"c:\Users\almcg\Projects\rogue_dungeons_repo\rogue_dungeons\src\main\java\alan\player_class\features\class_features\UnarmoredDefense.java", "Java", 0, 32, 4, 11, 47
"c:\Users\almcg\Projects\rogue_dungeons_repo\rogue_dungeons\src\main\java\alan\player_class\features\class_features\WeaponMastery.java", "Java", 0, 49, 4, 18, 71
"c:\Users\almcg\Projects\rogue_dungeons_repo\rogue_dungeons\src\main\java\alan\player_class\features\fighting_style_features\Archery.java", "Java", 0, 28, 2, 10, 40
"c:\Users\almcg\Projects\rogue_dungeons_repo\rogue_dungeons\src\main\java\alan\player_class\features\fighting_style_features\Defense.java", "Java", 0, 44, 7, 11, 62
"c:\Users\almcg\Projects\rogue_dungeons_repo\rogue_dungeons\src\main\java\alan\player_class\features\fighting_style_features\Dueling.java", "Java", 0, 32, 5, 8, 45
"c:\Users\almcg\Projects\rogue_dungeons_repo\rogue_dungeons\src\main\java\alan\player_class\features\fighting_style_features\GreatWeaponFighting.java", "Java", 0, 34, 7, 8, 49
"c:\Users\almcg\Projects\rogue_dungeons_repo\rogue_dungeons\src\main\java\alan\player_class\features\fighting_style_features\Interception.java", "Java", 0, 35, 8, 8, 51
"c:\Users\almcg\Projects\rogue_dungeons_repo\rogue_dungeons\src\main\java\alan\player_class\features\fighting_style_features\Protection.java", "Java", 0, 36, 9, 8, 53
"c:\Users\almcg\Projects\rogue_dungeons_repo\rogue_dungeons\src\main\java\alan\player_class\features\fighting_style_features\ThrownWeaponFighting.java", "Java", 0, 29, 3, 6, 38
"c:\Users\almcg\Projects\rogue_dungeons_repo\rogue_dungeons\src\main\java\alan\player_class\features\fighting_style_features\TwoWeaponFighting.java", "Java", 0, 29, 4, 6, 39
"c:\Users\almcg\Projects\rogue_dungeons_repo\rogue_dungeons\src\main\java\alan\player_class\features\fighting_style_features\UnarmedFighting.java", "Java", 0, 34, 10, 6, 50
"c:\Users\almcg\Projects\rogue_dungeons_repo\rogue_dungeons\src\main\java\alan\races\Aasimar.java", "Java", 0, 42, 11, 14, 67
"c:\Users\almcg\Projects\rogue_dungeons_repo\rogue_dungeons\src\main\java\alan\races\Dragonborn.java", "Java", 0, 57, 8, 14, 79
"c:\Users\almcg\Projects\rogue_dungeons_repo\rogue_dungeons\src\main\java\alan\races\Dwarf.java", "Java", 0, 44, 10, 13, 67
"c:\Users\almcg\Projects\rogue_dungeons_repo\rogue_dungeons\src\main\java\alan\races\Elf.java", "Java", 0, 56, 10, 17, 83
"c:\Users\almcg\Projects\rogue_dungeons_repo\rogue_dungeons\src\main\java\alan\races\Gnome.java", "Java", 0, 56, 9, 15, 80
"c:\Users\almcg\Projects\rogue_dungeons_repo\rogue_dungeons\src\main\java\alan\races\Goliath.java", "Java", 0, 59, 11, 15, 85
"c:\Users\almcg\Projects\rogue_dungeons_repo\rogue_dungeons\src\main\java\alan\races\Halfling.java", "Java", 0, 40, 7, 13, 60
"c:\Users\almcg\Projects\rogue_dungeons_repo\rogue_dungeons\src\main\java\alan\races\Human.java", "Java", 0, 54, 6, 25, 85
"c:\Users\almcg\Projects\rogue_dungeons_repo\rogue_dungeons\src\main\java\alan\races\Orc.java", "Java", 0, 48, 7, 15, 70
"c:\Users\almcg\Projects\rogue_dungeons_repo\rogue_dungeons\src\main\java\alan\races\Race.java", "Java", 0, 30, 12, 21, 63
"c:\Users\almcg\Projects\rogue_dungeons_repo\rogue_dungeons\src\main\java\alan\races\RaceInterface.java", "Java", 0, 7, 0, 6, 13
"c:\Users\almcg\Projects\rogue_dungeons_repo\rogue_dungeons\src\main\java\alan\races\Tiefling.java", "Java", 0, 56, 8, 14, 78
"c:\Users\almcg\Projects\rogue_dungeons_repo\rogue_dungeons\src\main\java\alan\skills\Ability.java", "Java", 0, 99, 4, 40, 143
"c:\Users\almcg\Projects\rogue_dungeons_repo\rogue_dungeons\src\main\java\alan\skills\ConditionEffect.java", "Java", 0, 49, 2, 21, 72
"c:\Users\almcg\Projects\rogue_dungeons_repo\rogue_dungeons\src\main\java\alan\skills\Skill.java", "Java", 0, 61, 3, 20, 84
"c:\Users\almcg\Projects\rogue_dungeons_repo\rogue_dungeons\src\main\java\alan\spells\SpellAbstract.java", "Java", 0, 273, 29, 90, 392
"c:\Users\almcg\Projects\rogue_dungeons_repo\rogue_dungeons\src\main\java\alan\spells\SpellInterface.java", "Java", 0, 9, 0, 3, 12
"c:\Users\almcg\Projects\rogue_dungeons_repo\rogue_dungeons\src\main\java\alan\spells\cantrips\AcidSplash.java", "Java", 0, 42, 1, 11, 54
"c:\Users\almcg\Projects\rogue_dungeons_repo\rogue_dungeons\src\main\java\alan\spells\cantrips\BladeWard.java", "Java", 0, 28, 0, 10, 38
"c:\Users\almcg\Projects\rogue_dungeons_repo\rogue_dungeons\src\main\java\alan\spells\cantrips\ChillTouch.java", "Java", 0, 41, 0, 10, 51
"c:\Users\almcg\Projects\rogue_dungeons_repo\rogue_dungeons\src\main\java\alan\spells\cantrips\DancingLights.java", "Java", 0, 30, 3, 10, 43
"c:\Users\almcg\Projects\rogue_dungeons_repo\rogue_dungeons\src\main\java\alan\spells\cantrips\DruidCraft.java", "Java", 0, 31, 4, 10, 45
"c:\Users\almcg\Projects\rogue_dungeons_repo\rogue_dungeons\src\main\java\alan\spells\cantrips\EldritchBlast.java", "Java", 0, 42, 2, 7, 51
"c:\Users\almcg\Projects\rogue_dungeons_repo\rogue_dungeons\src\main\java\alan\spells\cantrips\Elementalism.java", "Java", 0, 33, 6, 10, 49
"c:\Users\almcg\Projects\rogue_dungeons_repo\rogue_dungeons\src\main\java\alan\spells\cantrips\FireBolt.java", "Java", 0, 41, 0, 11, 52
"c:\Users\almcg\Projects\rogue_dungeons_repo\rogue_dungeons\src\main\java\alan\spells\cantrips\Friends.java", "Java", 0, 28, 3, 10, 41
"c:\Users\almcg\Projects\rogue_dungeons_repo\rogue_dungeons\src\main\java\alan\spells\cantrips\Guidance.java", "Java", 0, 28, 1, 12, 41
"c:\Users\almcg\Projects\rogue_dungeons_repo\rogue_dungeons\src\main\java\alan\spells\cantrips\Light.java", "Java", 0, 26, 3, 11, 40
"c:\Users\almcg\Projects\rogue_dungeons_repo\rogue_dungeons\src\main\java\alan\spells\cantrips\MageHand.java", "Java", 0, 28, 3, 10, 41
"c:\Users\almcg\Projects\rogue_dungeons_repo\rogue_dungeons\src\main\java\alan\spells\cantrips\Mending.java", "Java", 0, 28, 3, 10, 41
"c:\Users\almcg\Projects\rogue_dungeons_repo\rogue_dungeons\src\main\java\alan\spells\cantrips\Message.java", "Java", 0, 29, 3, 10, 42
"c:\Users\almcg\Projects\rogue_dungeons_repo\rogue_dungeons\src\main\java\alan\spells\cantrips\MindSliver.java", "Java", 0, 39, 1, 9, 49
"c:\Users\almcg\Projects\rogue_dungeons_repo\rogue_dungeons\src\main\java\alan\spells\cantrips\MinorIllusion.java", "Java", 0, 34, 2, 8, 44
"c:\Users\almcg\Projects\rogue_dungeons_repo\rogue_dungeons\src\main\java\alan\spells\cantrips\PoisonSpray.java", "Java", 0, 40, 0, 11, 51
"c:\Users\almcg\Projects\rogue_dungeons_repo\rogue_dungeons\src\main\java\alan\spells\cantrips\Prestidigitation.java", "Java", 0, 26, 3, 11, 40
"c:\Users\almcg\Projects\rogue_dungeons_repo\rogue_dungeons\src\main\java\alan\spells\cantrips\ProduceFlame.java", "Java", 0, 42, 1, 9, 52
"c:\Users\almcg\Projects\rogue_dungeons_repo\rogue_dungeons\src\main\java\alan\spells\cantrips\RayOfFrost.java", "Java", 0, 41, 0, 8, 49
"c:\Users\almcg\Projects\rogue_dungeons_repo\rogue_dungeons\src\main\java\alan\spells\cantrips\Resistance.java", "Java", 0, 28, 1, 12, 41
"c:\Users\almcg\Projects\rogue_dungeons_repo\rogue_dungeons\src\main\java\alan\spells\cantrips\SacredFlame.java", "Java", 0, 41, 0, 10, 51
"c:\Users\almcg\Projects\rogue_dungeons_repo\rogue_dungeons\src\main\java\alan\spells\cantrips\Shillelagh.java", "Java", 0, 39, 2, 11, 52
"c:\Users\almcg\Projects\rogue_dungeons_repo\rogue_dungeons\src\main\java\alan\spells\cantrips\ShockingGrasp.java", "Java", 0, 41, 1, 8, 50
"c:\Users\almcg\Projects\rogue_dungeons_repo\rogue_dungeons\src\main\java\alan\spells\cantrips\SorcerousBurst.java", "Java", 0, 41, 2, 9, 52
"c:\Users\almcg\Projects\rogue_dungeons_repo\rogue_dungeons\src\main\java\alan\spells\cantrips\SpareTheDying.java", "Java", 0, 37, 0, 9, 46
"c:\Users\almcg\Projects\rogue_dungeons_repo\rogue_dungeons\src\main\java\alan\spells\cantrips\StarryWisp.java", "Java", 0, 41, 0, 10, 51
"c:\Users\almcg\Projects\rogue_dungeons_repo\rogue_dungeons\src\main\java\alan\spells\cantrips\Thaumaturgy.java", "Java", 0, 40, 7, 9, 56
"c:\Users\almcg\Projects\rogue_dungeons_repo\rogue_dungeons\src\main\java\alan\spells\cantrips\ThornWhip.java", "Java", 0, 41, 0, 8, 49
"c:\Users\almcg\Projects\rogue_dungeons_repo\rogue_dungeons\src\main\java\alan\spells\cantrips\Thunderclap.java", "Java", 0, 43, 0, 9, 52
"c:\Users\almcg\Projects\rogue_dungeons_repo\rogue_dungeons\src\main\java\alan\spells\cantrips\TollTheDead.java", "Java", 0, 43, 1, 8, 52
"c:\Users\almcg\Projects\rogue_dungeons_repo\rogue_dungeons\src\main\java\alan\spells\cantrips\TrueStrike.java", "Java", 0, 39, 2, 11, 52
"c:\Users\almcg\Projects\rogue_dungeons_repo\rogue_dungeons\src\main\java\alan\spells\cantrips\ViciousMockery.java", "Java", 0, 42, 0, 10, 52
"c:\Users\almcg\Projects\rogue_dungeons_repo\rogue_dungeons\src\main\java\alan\spells\cantrips\WordOfRadiance.java", "Java", 0, 43, 0, 9, 52
"c:\Users\almcg\Projects\rogue_dungeons_repo\rogue_dungeons\src\main\java\alan\spells\level_one\Alarm.java", "Java", 0, 31, 3, 10, 44
"c:\Users\almcg\Projects\rogue_dungeons_repo\rogue_dungeons\src\main\java\alan\spells\level_one\AnimalFriendship.java", "Java", 0, 42, 1, 10, 53
"c:\Users\almcg\Projects\rogue_dungeons_repo\rogue_dungeons\src\main\java\alan\spells\level_one\ArmorOfAgathys.java", "Java", 0, 43, 1, 9, 53
"c:\Users\almcg\Projects\rogue_dungeons_repo\rogue_dungeons\src\main\java\alan\spells\level_one\ArmsOfHadar.java", "Java", 0, 38, 1, 11, 50
"c:\Users\almcg\Projects\rogue_dungeons_repo\rogue_dungeons\src\main\java\alan\spells\level_one\Bane.java", "Java", 0, 38, 1, 12, 51
"c:\Users\almcg\Projects\rogue_dungeons_repo\rogue_dungeons\src\main\java\alan\spells\level_one\Bless.java", "Java", 0, 37, 1, 12, 50
"c:\Users\almcg\Projects\rogue_dungeons_repo\rogue_dungeons\src\main\java\alan\spells\level_one\BurningHands.java", "Java", 0, 39, 2, 12, 53
"c:\Users\almcg\Projects\rogue_dungeons_repo\rogue_dungeons\src\main\java\alan\spells\level_one\CharmPerson.java", "Java", 0, 37, 1, 11, 49
"c:\Users\almcg\Projects\rogue_dungeons_repo\rogue_dungeons\src\main\java\alan\spells\level_one\ChromaticOrb.java", "Java", 0, 35, 1, 11, 47
"c:\Users\almcg\Projects\rogue_dungeons_repo\rogue_dungeons\src\main\java\alan\spells\level_one\ColorSpray.java", "Java", 0, 32, 1, 11, 44
"c:\Users\almcg\Projects\rogue_dungeons_repo\rogue_dungeons\src\main\java\alan\spells\level_one\Command.java", "Java", 0, 40, 7, 12, 59
"c:\Users\almcg\Projects\rogue_dungeons_repo\rogue_dungeons\src\main\java\alan\spells\level_one\CompelledDuel.java", "Java", 0, 33, 3, 11, 47
"c:\Users\almcg\Projects\rogue_dungeons_repo\rogue_dungeons\src\main\java\alan\spells\level_one\ComprehendLanguages.java", "Java", 0, 31, 2, 9, 42
"c:\Users\almcg\Projects\rogue_dungeons_repo\rogue_dungeons\src\main\java\alan\spells\level_one\CreateOrDestroyWater.java", "Java", 0, 33, 4, 10, 47
"c:\Users\almcg\Projects\rogue_dungeons_repo\rogue_dungeons\src\main\java\alan\spells\level_one\CureWounds.java", "Java", 0, 34, 1, 13, 48
"c:\Users\almcg\Projects\rogue_dungeons_repo\rogue_dungeons\src\main\java\alan\spells\level_one\DetectEvilAndGood.java", "Java", 0, 32, 2, 11, 45
"c:\Users\almcg\Projects\rogue_dungeons_repo\rogue_dungeons\src\main\java\alan\spells\level_one\DetectMagic.java", "Java", 0, 35, 3, 9, 47
"c:\Users\almcg\Projects\rogue_dungeons_repo\rogue_dungeons\src\main\java\alan\spells\level_one\DetectPoisonAndDisease.java", "Java", 0, 34, 2, 12, 48
"c:\Users\almcg\Projects\rogue_dungeons_repo\rogue_dungeons\src\main\java\alan\spells\level_one\DisguiseSelf.java", "Java", 0, 34, 3, 11, 48
"c:\Users\almcg\Projects\rogue_dungeons_repo\rogue_dungeons\src\main\java\alan\spells\level_one\DissonantWhispers.java", "Java", 0, 37, 1, 10, 48
"c:\Users\almcg\Projects\rogue_dungeons_repo\rogue_dungeons\src\main\java\alan\spells\level_one\DivineFavor.java", "Java", 0, 32, 2, 11, 45
"c:\Users\almcg\Projects\rogue_dungeons_repo\rogue_dungeons\src\main\java\alan\spells\level_one\DivineSmite.java", "Java", 0, 39, 3, 11, 53
"c:\Users\almcg\Projects\rogue_dungeons_repo\rogue_dungeons\src\main\java\alan\spells\level_one\EnsnaringStrike.java", "Java", 0, 38, 3, 10, 51
"c:\Users\almcg\Projects\rogue_dungeons_repo\rogue_dungeons\src\main\java\alan\spells\level_one\Entangle.java", "Java", 0, 31, 2, 9, 42
"c:\Users\almcg\Projects\rogue_dungeons_repo\rogue_dungeons\src\main\java\alan\spells\level_one\ExpeditiousRetreat_.java", "Java", 0, 29, 3, 10, 42
"c:\Users\almcg\Projects\rogue_dungeons_repo\rogue_dungeons\src\main\java\alan\spells\level_one\FaerieFire.java", "Java", 0, 41, 2, 12, 55
"c:\Users\almcg\Projects\rogue_dungeons_repo\rogue_dungeons\src\main\java\alan\spells\level_one\FalseLife.java", "Java", 0, 51, 1, 12, 64
"c:\Users\almcg\Projects\rogue_dungeons_repo\rogue_dungeons\src\main\java\alan\spells\level_one\FeatherFall.java", "Java", 0, 31, 1, 9, 41
"c:\Users\almcg\Projects\rogue_dungeons_repo\rogue_dungeons\src\main\java\alan\spells\level_one\FindFamiliar.java", "Java", 0, 28, 3, 10, 41
"c:\Users\almcg\Projects\rogue_dungeons_repo\rogue_dungeons\src\main\java\alan\spells\level_one\FogCloud.java", "Java", 0, 32, 3, 10, 45
"c:\Users\almcg\Projects\rogue_dungeons_repo\rogue_dungeons\src\main\java\alan\spells\level_one\Goodberry.java", "Java", 0, 31, 3, 9, 43
"c:\Users\almcg\Projects\rogue_dungeons_repo\rogue_dungeons\src\main\java\alan\spells\level_one\Grease.java", "Java", 0, 32, 2, 8, 42
"c:\Users\almcg\Projects\rogue_dungeons_repo\rogue_dungeons\src\main\java\alan\spells\level_one\GuidingBolt.java", "Java", 0, 37, 2, 9, 48
"c:\Users\almcg\Projects\rogue_dungeons_repo\rogue_dungeons\src\main\java\alan\spells\level_one\HailOfThorns.java", "Java", 0, 38, 1, 9, 48
"c:\Users\almcg\Projects\rogue_dungeons_repo\rogue_dungeons\src\main\java\alan\spells\level_one\HealingWord.java", "Java", 0, 34, 1, 10, 45
"c:\Users\almcg\Projects\rogue_dungeons_repo\rogue_dungeons\src\main\java\alan\spells\level_one\HellishRebuke.java", "Java", 0, 42, 3, 11, 56
"c:\Users\almcg\Projects\rogue_dungeons_repo\rogue_dungeons\src\main\java\alan\spells\level_one\Heroism.java", "Java", 0, 37, 2, 12, 51
"c:\Users\almcg\Projects\rogue_dungeons_repo\rogue_dungeons\src\main\java\alan\spells\level_one\Hex.java", "Java", 0, 38, 1, 11, 50
"c:\Users\almcg\Projects\rogue_dungeons_repo\rogue_dungeons\src\main\java\alan\spells\level_one\HuntersMark.java", "Java", 0, 35, 2, 10, 47
"c:\Users\almcg\Projects\rogue_dungeons_repo\rogue_dungeons\src\main\java\alan\spells\level_one\IceKnife.java", "Java", 0, 44, 1, 14, 59
"c:\Users\almcg\Projects\rogue_dungeons_repo\rogue_dungeons\src\main\java\alan\spells\level_one\Identify.java", "Java", 0, 31, 2, 10, 43
"c:\Users\almcg\Projects\rogue_dungeons_repo\rogue_dungeons\src\main\java\alan\spells\level_one\InflictWounds.java", "Java", 0, 37, 1, 11, 49
"c:\Users\almcg\Projects\rogue_dungeons_repo\rogue_dungeons\src\main\java\alan\spells\level_one\Jump.java", "Java", 0, 28, 2, 10, 40
"c:\Users\almcg\Projects\rogue_dungeons_repo\rogue_dungeons\src\main\java\alan\spells\level_one\Longstrider.java", "Java", 0, 34, 2, 11, 47
"c:\Users\almcg\Projects\rogue_dungeons_repo\rogue_dungeons\src\main\java\alan\spells\level_one\MageArmor.java", "Java", 0, 32, 5, 13, 50
"c:\Users\almcg\Projects\rogue_dungeons_repo\rogue_dungeons\src\main\java\alan\spells\level_one\MagicMissile.java", "Java", 0, 37, 2, 11, 50
"c:\Users\almcg\Projects\rogue_dungeons_repo\rogue_dungeons\src\main\java\alan\spells\level_one\ProtectionFromEvilAndGood.java", "Java", 0, 32, 2, 10, 44
"c:\Users\almcg\Projects\rogue_dungeons_repo\rogue_dungeons\src\main\java\alan\spells\level_one\RayOfSickness.java", "Java", 0, 37, 4, 11, 52
"c:\Users\almcg\Projects\rogue_dungeons_repo\rogue_dungeons\src\main\java\alan\spells\level_one\Sanctuary.java", "Java", 0, 32, 2, 10, 44
"c:\Users\almcg\Projects\rogue_dungeons_repo\rogue_dungeons\src\main\java\alan\spells\level_one\SearingSmite.java", "Java", 0, 38, 3, 10, 51
"c:\Users\almcg\Projects\rogue_dungeons_repo\rogue_dungeons\src\main\java\alan\spells\level_one\Shield.java", "Java", 0, 28, 2, 9, 39
"c:\Users\almcg\Projects\rogue_dungeons_repo\rogue_dungeons\src\main\java\alan\spells\level_one\ShieldOfFaith.java", "Java", 0, 30, 2, 11, 43
"c:\Users\almcg\Projects\rogue_dungeons_repo\rogue_dungeons\src\main\java\alan\spells\level_one\Sleep.java", "Java", 0, 47, 5, 13, 65
"c:\Users\almcg\Projects\rogue_dungeons_repo\rogue_dungeons\src\main\java\alan\spells\level_one\SpeakWithAnimals.java", "Java", 0, 29, 3, 11, 43
"c:\Users\almcg\Projects\rogue_dungeons_repo\rogue_dungeons\src\main\java\alan\spells\level_one\TashasHideousLaughter.java", "Java", 0, 34, 2, 11, 47
"c:\Users\almcg\Projects\rogue_dungeons_repo\rogue_dungeons\src\main\java\alan\spells\level_one\ThunderousSmite.java", "Java", 0, 34, 2, 11, 47
"c:\Users\almcg\Projects\rogue_dungeons_repo\rogue_dungeons\src\main\java\alan\spells\level_one\Thunderwave.java", "Java", 0, 43, 3, 11, 57
"c:\Users\almcg\Projects\rogue_dungeons_repo\rogue_dungeons\src\main\java\alan\spells\level_one\WitchBolt.java", "Java", 0, 49, 3, 16, 68
"c:\Users\almcg\Projects\rogue_dungeons_repo\rogue_dungeons\src\main\java\alan\spells\level_one\WrathfulSmite.java", "Java", 0, 34, 2, 11, 47
"c:\Users\almcg\Projects\rogue_dungeons_repo\rogue_dungeons\target\classes\alan\Constants$ABILITY.class", "Java", 0, 13, 0, 0, 13
"c:\Users\almcg\Projects\rogue_dungeons_repo\rogue_dungeons\target\classes\alan\Constants$ARMOR_KEY.class", "Java", 0, 20, 0, 0, 20
"c:\Users\almcg\Projects\rogue_dungeons_repo\rogue_dungeons\target\classes\alan\Constants$ARMOR_PROFICIENCY.class", "Java", 0, 11, 0, 0, 11
"c:\Users\almcg\Projects\rogue_dungeons_repo\rogue_dungeons\target\classes\alan\Constants$CLASS.class", "Java", 0, 17, 0, 0, 17
"c:\Users\almcg\Projects\rogue_dungeons_repo\rogue_dungeons\target\classes\alan\Constants$CONDITION_KEY.class", "Java", 0, 24, 0, 0, 24
"c:\Users\almcg\Projects\rogue_dungeons_repo\rogue_dungeons\target\classes\alan\Constants$CREATURE_SIZE.class", "Java", 0, 15, 0, 0, 15
"c:\Users\almcg\Projects\rogue_dungeons_repo\rogue_dungeons\target\classes\alan\Constants$DAMAGE_TYPE.class", "Java", 0, 17, 0, 0, 17
"c:\Users\almcg\Projects\rogue_dungeons_repo\rogue_dungeons\target\classes\alan\Constants$DIVINE_ORDERS.class", "Java", 0, 11, 0, 0, 11
"c:\Users\almcg\Projects\rogue_dungeons_repo\rogue_dungeons\target\classes\alan\Constants$FEATURE.class", "Java", 0, 19, 0, 0, 19
"c:\Users\almcg\Projects\rogue_dungeons_repo\rogue_dungeons\target\classes\alan\Constants$FEAT_TYPE.class", "Java", 0, 12, 0, 0, 12
"c:\Users\almcg\Projects\rogue_dungeons_repo\rogue_dungeons\target\classes\alan\Constants$LANGUAGE.class", "Java", 0, 19, 0, 0, 19
"c:\Users\almcg\Projects\rogue_dungeons_repo\rogue_dungeons\target\classes\alan\Constants$MASTERY_SKILL.class", "Java", 0, 15, 0, 0, 15
"c:\Users\almcg\Projects\rogue_dungeons_repo\rogue_dungeons\target\classes\alan\Constants$PRIMAL_ORDERS.class", "Java", 0, 11, 0, 0, 11
"c:\Users\almcg\Projects\rogue_dungeons_repo\rogue_dungeons\target\classes\alan\Constants$SCHOOL.class", "Java", 0, 18, 0, 0, 18
"c:\Users\almcg\Projects\rogue_dungeons_repo\rogue_dungeons\target\classes\alan\Constants$SKILL_KEY.class", "Java", 0, 22, 0, 0, 22
"c:\Users\almcg\Projects\rogue_dungeons_repo\rogue_dungeons\target\classes\alan\Constants$SPELL.class", "Java", 0, 36, 0, 0, 36
"c:\Users\almcg\Projects\rogue_dungeons_repo\rogue_dungeons\target\classes\alan\Constants$WEAPON_KEY.class", "Java", 0, 22, 0, 0, 22
"c:\Users\almcg\Projects\rogue_dungeons_repo\rogue_dungeons\target\classes\alan\Constants$WEAPON_PROFICIENCY.class", "Java", 0, 10, 0, 0, 10
"c:\Users\almcg\Projects\rogue_dungeons_repo\rogue_dungeons\target\classes\alan\Constants.class", "Java", 0, 16, 0, 0, 16
"c:\Users\almcg\Projects\rogue_dungeons_repo\rogue_dungeons\target\classes\alan\Main.class", "Java", 0, 60, 0, 0, 60
"c:\Users\almcg\Projects\rogue_dungeons_repo\rogue_dungeons\target\classes\alan\creatures\ArmorClass.class", "Java", 0, 54, 0, 0, 54
"c:\Users\almcg\Projects\rogue_dungeons_repo\rogue_dungeons\target\classes\alan\creatures\Creature.class", "Java", 0, 309, 0, 5, 314
"c:\Users\almcg\Projects\rogue_dungeons_repo\rogue_dungeons\target\classes\alan\creatures\PartyPlayers.class", "Java", 0, 33, 0, 0, 33
"c:\Users\almcg\Projects\rogue_dungeons_repo\rogue_dungeons\target\classes\alan\creatures\PlayableCharacter.class", "Java", 0, 10, 0, 0, 10
"c:\Users\almcg\Projects\rogue_dungeons_repo\rogue_dungeons\target\classes\alan\equipment\Weapon.class", "Java", 0, 56, 0, 0, 56
"c:\Users\almcg\Projects\rogue_dungeons_repo\rogue_dungeons\target\classes\alan\equipment\weapons\Battleaxe.class", "Java", 0, 35, 0, 0, 35
"c:\Users\almcg\Projects\rogue_dungeons_repo\rogue_dungeons\target\classes\alan\equipment\weapons\Blowgun.class", "Java", 0, 31, 0, 0, 31
"c:\Users\almcg\Projects\rogue_dungeons_repo\rogue_dungeons\target\classes\alan\equipment\weapons\Club.class", "Java", 0, 32, 0, 0, 32
"c:\Users\almcg\Projects\rogue_dungeons_repo\rogue_dungeons\target\classes\alan\equipment\weapons\Dagger.class", "Java", 0, 35, 0, 0, 35
"c:\Users\almcg\Projects\rogue_dungeons_repo\rogue_dungeons\target\classes\alan\equipment\weapons\Dart.class", "Java", 0, 34, 0, 0, 34
"c:\Users\almcg\Projects\rogue_dungeons_repo\rogue_dungeons\target\classes\alan\equipment\weapons\Flail.class", "Java", 0, 33, 0, 0, 33
"c:\Users\almcg\Projects\rogue_dungeons_repo\rogue_dungeons\target\classes\alan\equipment\weapons\Glaive.class", "Java", 0, 41, 0, 0, 41
"c:\Users\almcg\Projects\rogue_dungeons_repo\rogue_dungeons\target\classes\alan\equipment\weapons\Greataxe.class", "Java", 0, 35, 0, 0, 35
"c:\Users\almcg\Projects\rogue_dungeons_repo\rogue_dungeons\target\classes\alan\equipment\weapons\Greatclub.class", "Java", 0, 33, 0, 0, 33
"c:\Users\almcg\Projects\rogue_dungeons_repo\rogue_dungeons\target\classes\alan\equipment\weapons\Greatsword.class", "Java", 0, 35, 0, 0, 35
"c:\Users\almcg\Projects\rogue_dungeons_repo\rogue_dungeons\target\classes\alan\equipment\weapons\Halbred.class", "Java", 0, 39, 0, 0, 39
"c:\Users\almcg\Projects\rogue_dungeons_repo\rogue_dungeons\target\classes\alan\equipment\weapons\HandCrossbow.class", "Java", 0, 33, 0, 0, 33
"c:\Users\almcg\Projects\rogue_dungeons_repo\rogue_dungeons\target\classes\alan\equipment\weapons\Handaxe.class", "Java", 0, 33, 0, 0, 33
"c:\Users\almcg\Projects\rogue_dungeons_repo\rogue_dungeons\target\classes\alan\equipment\weapons\HeavyCrossbow.class", "Java", 0, 36, 0, 0, 36
"c:\Users\almcg\Projects\rogue_dungeons_repo\rogue_dungeons\target\classes\alan\equipment\weapons\Javelin.class", "Java", 0, 32, 0, 0, 32
"c:\Users\almcg\Projects\rogue_dungeons_repo\rogue_dungeons\target\classes\alan\equipment\weapons\Lance.class", "Java", 0, 40, 0, 0, 40
"c:\Users\almcg\Projects\rogue_dungeons_repo\rogue_dungeons\target\classes\alan\equipment\weapons\LightCrossbow.class", "Java", 0, 33, 0, 0, 33
"c:\Users\almcg\Projects\rogue_dungeons_repo\rogue_dungeons\target\classes\alan\equipment\weapons\LightHammer.class", "Java", 0, 33, 0, 0, 33
"c:\Users\almcg\Projects\rogue_dungeons_repo\rogue_dungeons\target\classes\alan\equipment\weapons\Longbow.class", "Java", 0, 34, 0, 0, 34
"c:\Users\almcg\Projects\rogue_dungeons_repo\rogue_dungeons\target\classes\alan\equipment\weapons\Longsword.class", "Java", 0, 34, 0, 0, 34
"c:\Users\almcg\Projects\rogue_dungeons_repo\rogue_dungeons\target\classes\alan\equipment\weapons\Mace.class", "Java", 0, 31, 0, 0, 31
"c:\Users\almcg\Projects\rogue_dungeons_repo\rogue_dungeons\target\classes\alan\equipment\weapons\Maul.class", "Java", 0, 34, 0, 0, 34
"c:\Users\almcg\Projects\rogue_dungeons_repo\rogue_dungeons\target\classes\alan\equipment\weapons\Morningstar.class", "Java", 0, 33, 0, 0, 33
"c:\Users\almcg\Projects\rogue_dungeons_repo\rogue_dungeons\target\classes\alan\equipment\weapons\Musket.class", "Java", 0, 31, 0, 0, 31
"c:\Users\almcg\Projects\rogue_dungeons_repo\rogue_dungeons\target\classes\alan\equipment\weapons\Pike.class", "Java", 0, 38, 0, 0, 38
"c:\Users\almcg\Projects\rogue_dungeons_repo\rogue_dungeons\target\classes\alan\equipment\weapons\Pistol.class", "Java", 0, 32, 0, 0, 32
"c:\Users\almcg\Projects\rogue_dungeons_repo\rogue_dungeons\target\classes\alan\equipment\weapons\Quarterstaff.class", "Java", 0, 31, 0, 0, 31
"c:\Users\almcg\Projects\rogue_dungeons_repo\rogue_dungeons\target\classes\alan\equipment\weapons\Rapier.class", "Java", 0, 33, 0, 0, 33
"c:\Users\almcg\Projects\rogue_dungeons_repo\rogue_dungeons\target\classes\alan\equipment\weapons\Scimitar.class", "Java", 0, 35, 0, 0, 35
"c:\Users\almcg\Projects\rogue_dungeons_repo\rogue_dungeons\target\classes\alan\equipment\weapons\Shortbow.class", "Java", 0, 34, 0, 0, 34
"c:\Users\almcg\Projects\rogue_dungeons_repo\rogue_dungeons\target\classes\alan\equipment\weapons\Shortsword.class", "Java", 0, 35, 0, 0, 35
"c:\Users\almcg\Projects\rogue_dungeons_repo\rogue_dungeons\target\classes\alan\equipment\weapons\Sickle.class", "Java", 0, 32, 0, 0, 32
"c:\Users\almcg\Projects\rogue_dungeons_repo\rogue_dungeons\target\classes\alan\equipment\weapons\Sling.class", "Java", 0, 32, 0, 0, 32
"c:\Users\almcg\Projects\rogue_dungeons_repo\rogue_dungeons\target\classes\alan\equipment\weapons\Spear.class", "Java", 0, 35, 0, 0, 35
"c:\Users\almcg\Projects\rogue_dungeons_repo\rogue_dungeons\target\classes\alan\equipment\weapons\Trident.class", "Java", 0, 35, 0, 0, 35
"c:\Users\almcg\Projects\rogue_dungeons_repo\rogue_dungeons\target\classes\alan\equipment\weapons\WarPick.class", "Java", 0, 34, 0, 0, 34
"c:\Users\almcg\Projects\rogue_dungeons_repo\rogue_dungeons\target\classes\alan\equipment\weapons\Warhammer.class", "Java", 0, 34, 0, 0, 34
"c:\Users\almcg\Projects\rogue_dungeons_repo\rogue_dungeons\target\classes\alan\equipment\weapons\Whip.class", "Java", 0, 37, 0, 0, 37
"c:\Users\almcg\Projects\rogue_dungeons_repo\rogue_dungeons\target\classes\alan\game_panel\Card.class", "Java", 0, 44, 0, 0, 44
"c:\Users\almcg\Projects\rogue_dungeons_repo\rogue_dungeons\target\classes\alan\game_panel\GameManager.class", "Java", 0, 9, 0, 0, 9
"c:\Users\almcg\Projects\rogue_dungeons_repo\rogue_dungeons\target\classes\alan\game_panel\GamePanel.class", "Java", 0, 40, 0, 0, 40
"c:\Users\almcg\Projects\rogue_dungeons_repo\rogue_dungeons\target\classes\alan\grid_panel\Cell.class", "Java", 0, 27, 0, 0, 27
"c:\Users\almcg\Projects\rogue_dungeons_repo\rogue_dungeons\target\classes\alan\grid_panel\Grid.class", "Java", 0, 28, 0, 0, 28
"c:\Users\almcg\Projects\rogue_dungeons_repo\rogue_dungeons\target\classes\alan\grid_panel\GridManager.class", "Java", 0, 21, 0, 1, 22
"c:\Users\almcg\Projects\rogue_dungeons_repo\rogue_dungeons\target\classes\alan\grid_panel\GridPanel.class", "Java", 0, 34, 0, 1, 35
"c:\Users\almcg\Projects\rogue_dungeons_repo\rogue_dungeons\target\classes\alan\interfaces\DiceRoll.class", "Java", 0, 9, 0, 0, 9
"c:\Users\almcg\Projects\rogue_dungeons_repo\rogue_dungeons\target\classes\alan\player_class\Barbarian.class", "Java", 0, 11, 0, 0, 11
"c:\Users\almcg\Projects\rogue_dungeons_repo\rogue_dungeons\target\classes\alan\player_class\Bard.class", "Java", 0, 45, 0, 1, 46
"c:\Users\almcg\Projects\rogue_dungeons_repo\rogue_dungeons\target\classes\alan\player_class\Cleric.class", "Java", 0, 48, 0, 0, 48
"c:\Users\almcg\Projects\rogue_dungeons_repo\rogue_dungeons\target\classes\alan\player_class\Druid.class", "Java", 0, 50, 0, 0, 50
"c:\Users\almcg\Projects\rogue_dungeons_repo\rogue_dungeons\target\classes\alan\player_class\Fighter.class", "Java", 0, 20, 1, 0, 21
"c:\Users\almcg\Projects\rogue_dungeons_repo\rogue_dungeons\target\classes\alan\player_class\PlayerClass.class", "Java", 0, 255, 0, 0, 255
"c:\Users\almcg\Projects\rogue_dungeons_repo\rogue_dungeons\target\classes\alan\player_class\PlayerClassInterface.class", "Java", 0, 4, 0, 0, 4
"c:\Users\almcg\Projects\rogue_dungeons_repo\rogue_dungeons\target\classes\alan\player_class\SpellSlots.class", "Java", 0, 32, 0, 0, 32
"c:\Users\almcg\Projects\rogue_dungeons_repo\rogue_dungeons\target\classes\alan\player_class\features\FeatureAbstract.class", "Java", 0, 66, 0, 1, 67
"c:\Users\almcg\Projects\rogue_dungeons_repo\rogue_dungeons\target\classes\alan\player_class\features\class_features\BardicInspiration.class", "Java", 0, 27, 0, 0, 27
"c:\Users\almcg\Projects\rogue_dungeons_repo\rogue_dungeons\target\classes\alan\player_class\features\class_features\Rage.class", "Java", 0, 66, 0, 0, 66
"c:\Users\almcg\Projects\rogue_dungeons_repo\rogue_dungeons\target\classes\alan\player_class\features\class_features\UnarmoredDefense.class", "Java", 0, 26, 0, 0, 26
"c:\Users\almcg\Projects\rogue_dungeons_repo\rogue_dungeons\target\classes\alan\player_class\features\class_features\WeaponMastery.class", "Java", 0, 33, 0, 0, 33
"c:\Users\almcg\Projects\rogue_dungeons_repo\rogue_dungeons\target\classes\alan\player_class\features\fighting_style_features\Archery.class", "Java", 0, 18, 0, 0, 18
"c:\Users\almcg\Projects\rogue_dungeons_repo\rogue_dungeons\target\classes\alan\player_class\features\fighting_style_features\Defense.class", "Java", 0, 28, 0, 0, 28
"c:\Users\almcg\Projects\rogue_dungeons_repo\rogue_dungeons\target\classes\alan\player_class\features\fighting_style_features\Dueling.class", "Java", 0, 21, 0, 0, 21
"c:\Users\almcg\Projects\rogue_dungeons_repo\rogue_dungeons\target\classes\alan\player_class\features\fighting_style_features\GreatWeaponFighting.class", "Java", 0, 23, 0, 0, 23
"c:\Users\almcg\Projects\rogue_dungeons_repo\rogue_dungeons\target\classes\alan\player_class\features\fighting_style_features\Interception.class", "Java", 0, 24, 0, 0, 24
"c:\Users\almcg\Projects\rogue_dungeons_repo\rogue_dungeons\target\classes\alan\player_class\features\fighting_style_features\Protection.class", "Java", 0, 26, 0, 0, 26
"c:\Users\almcg\Projects\rogue_dungeons_repo\rogue_dungeons\target\classes\alan\player_class\features\fighting_style_features\ThrownWeaponFighting.class", "Java", 0, 19, 0, 0, 19
"c:\Users\almcg\Projects\rogue_dungeons_repo\rogue_dungeons\target\classes\alan\player_class\features\fighting_style_features\TwoWeaponFighting.class", "Java", 0, 20, 0, 0, 20
"c:\Users\almcg\Projects\rogue_dungeons_repo\rogue_dungeons\target\classes\alan\player_class\features\fighting_style_features\UnarmedFighting.class", "Java", 0, 25, 0, 0, 25
"c:\Users\almcg\Projects\rogue_dungeons_repo\rogue_dungeons\target\classes\alan\races\Aasimar.class", "Java", 0, 26, 0, 0, 26
"c:\Users\almcg\Projects\rogue_dungeons_repo\rogue_dungeons\target\classes\alan\races\Dragonborn$DRACONIC_ANCESTRY.class", "Java", 0, 17, 0, 0, 17
"c:\Users\almcg\Projects\rogue_dungeons_repo\rogue_dungeons\target\classes\alan\races\Dragonborn.class", "Java", 0, 35, 10, 0, 45
"c:\Users\almcg\Projects\rogue_dungeons_repo\rogue_dungeons\target\classes\alan\races\Dwarf.class", "Java", 0, 33, 0, 0, 33
"c:\Users\almcg\Projects\rogue_dungeons_repo\rogue_dungeons\target\classes\alan\races\Elf$ELVEN_LINEAGE.class", "Java", 0, 15, 0, 0, 15
"c:\Users\almcg\Projects\rogue_dungeons_repo\rogue_dungeons\target\classes\alan\races\Elf.class", "Java", 0, 38, 0, 0, 38
"c:\Users\almcg\Projects\rogue_dungeons_repo\rogue_dungeons\target\classes\alan\races\Gnome$GNOMISH_LINEAGE.class", "Java", 0, 13, 0, 0, 13
"c:\Users\almcg\Projects\rogue_dungeons_repo\rogue_dungeons\target\classes\alan\races\Gnome.class", "Java", 0, 28, 10, 0, 38
"c:\Users\almcg\Projects\rogue_dungeons_repo\rogue_dungeons\target\classes\alan\races\Goliath$GIANT_ANCESTRY.class", "Java", 0, 17, 0, 0, 17
"c:\Users\almcg\Projects\rogue_dungeons_repo\rogue_dungeons\target\classes\alan\races\Goliath.class", "Java", 0, 31, 9, 0, 40
"c:\Users\almcg\Projects\rogue_dungeons_repo\rogue_dungeons\target\classes\alan\races\Halfling.class", "Java", 0, 27, 0, 0, 27
"c:\Users\almcg\Projects\rogue_dungeons_repo\rogue_dungeons\target\classes\alan\races\Human.class", "Java", 0, 33, 0, 0, 33
"c:\Users\almcg\Projects\rogue_dungeons_repo\rogue_dungeons\target\classes\alan\races\Orc.class", "Java", 0, 33, 0, 0, 33
"c:\Users\almcg\Projects\rogue_dungeons_repo\rogue_dungeons\target\classes\alan\races\Race.class", "Java", 0, 11, 0, 0, 11
"c:\Users\almcg\Projects\rogue_dungeons_repo\rogue_dungeons\target\classes\alan\races\RaceInterface.class", "Java", 0, 4, 0, 0, 4
"c:\Users\almcg\Projects\rogue_dungeons_repo\rogue_dungeons\target\classes\alan\races\Tiefling$FIENDISH_LEGACY.class", "Java", 0, 17, 0, 0, 17
"c:\Users\almcg\Projects\rogue_dungeons_repo\rogue_dungeons\target\classes\alan\races\Tiefling.class", "Java", 0, 28, 7, 0, 35
"c:\Users\almcg\Projects\rogue_dungeons_repo\rogue_dungeons\target\classes\alan\skills\Ability.class", "Java", 0, 40, 0, 0, 40
"c:\Users\almcg\Projects\rogue_dungeons_repo\rogue_dungeons\target\classes\alan\skills\ConditionEffect.class", "Java", 0, 18, 0, 0, 18
"c:\Users\almcg\Projects\rogue_dungeons_repo\rogue_dungeons\target\classes\alan\skills\Skill.class", "Java", 0, 24, 0, 0, 24
"c:\Users\almcg\Projects\rogue_dungeons_repo\rogue_dungeons\target\classes\alan\spells\SpellAbstract.class", "Java", 0, 74, 0, 0, 74
"c:\Users\almcg\Projects\rogue_dungeons_repo\rogue_dungeons\target\classes\alan\spells\SpellInterface.class", "Java", 0, 5, 0, 0, 5
"c:\Users\almcg\Projects\rogue_dungeons_repo\rogue_dungeons\target\classes\alan\spells\cantrips\AcidSplash.class", "Java", 0, 32, 0, 0, 32
"c:\Users\almcg\Projects\rogue_dungeons_repo\rogue_dungeons\target\classes\alan\spells\cantrips\BladeWard.class", "Java", 0, 22, 0, 0, 22
"c:\Users\almcg\Projects\rogue_dungeons_repo\rogue_dungeons\target\classes\alan\spells\cantrips\ChillTouch.class", "Java", 0, 31, 0, 0, 31
"c:\Users\almcg\Projects\rogue_dungeons_repo\rogue_dungeons\target\classes\alan\spells\cantrips\DancingLights.class", "Java", 0, 19, 0, 0, 19
"c:\Users\almcg\Projects\rogue_dungeons_repo\rogue_dungeons\target\classes\alan\spells\cantrips\DruidCraft.class", "Java", 0, 20, 0, 0, 20
"c:\Users\almcg\Projects\rogue_dungeons_repo\rogue_dungeons\target\classes\alan\spells\cantrips\EldritchBlast.class", "Java", 0, 32, 0, 0, 32
"c:\Users\almcg\Projects\rogue_dungeons_repo\rogue_dungeons\target\classes\alan\spells\cantrips\Elementalism.class", "Java", 0, 22, 0, 0, 22
"c:\Users\almcg\Projects\rogue_dungeons_repo\rogue_dungeons\target\classes\alan\spells\cantrips\FireBolt.class", "Java", 0, 30, 0, 0, 30
"c:\Users\almcg\Projects\rogue_dungeons_repo\rogue_dungeons\target\classes\alan\spells\cantrips\Friends.class", "Java", 0, 20, 0, 0, 20
"c:\Users\almcg\Projects\rogue_dungeons_repo\rogue_dungeons\target\classes\alan\spells\cantrips\Guidance.class", "Java", 0, 22, 0, 0, 22
"c:\Users\almcg\Projects\rogue_dungeons_repo\rogue_dungeons\target\classes\alan\spells\cantrips\Light.class", "Java", 0, 17, 0, 0, 17
"c:\Users\almcg\Projects\rogue_dungeons_repo\rogue_dungeons\target\classes\alan\spells\cantrips\MageHand.class", "Java", 0, 21, 0, 0, 21
"c:\Users\almcg\Projects\rogue_dungeons_repo\rogue_dungeons\target\classes\alan\spells\cantrips\Mending.class", "Java", 0, 17, 0, 0, 17
"c:\Users\almcg\Projects\rogue_dungeons_repo\rogue_dungeons\target\classes\alan\spells\cantrips\Message.class", "Java", 0, 18, 0, 0, 18
"c:\Users\almcg\Projects\rogue_dungeons_repo\rogue_dungeons\target\classes\alan\spells\cantrips\MindSliver.class", "Java", 0, 29, 0, 0, 29
"c:\Users\almcg\Projects\rogue_dungeons_repo\rogue_dungeons\target\classes\alan\spells\cantrips\MinorIllusion.class", "Java", 0, 23, 0, 0, 23
"c:\Users\almcg\Projects\rogue_dungeons_repo\rogue_dungeons\target\classes\alan\spells\cantrips\PoisonSpray.class", "Java", 0, 29, 0, 0, 29
"c:\Users\almcg\Projects\rogue_dungeons_repo\rogue_dungeons\target\classes\alan\spells\cantrips\Prestidigitation.class", "Java", 0, 18, 0, 0, 18
"c:\Users\almcg\Projects\rogue_dungeons_repo\rogue_dungeons\target\classes\alan\spells\cantrips\ProduceFlame.class", "Java", 0, 32, 0, 0, 32
"c:\Users\almcg\Projects\rogue_dungeons_repo\rogue_dungeons\target\classes\alan\spells\cantrips\RayOfFrost.class", "Java", 0, 31, 0, 0, 31
"c:\Users\almcg\Projects\rogue_dungeons_repo\rogue_dungeons\target\classes\alan\spells\cantrips\Resistance.class", "Java", 0, 22, 0, 0, 22
"c:\Users\almcg\Projects\rogue_dungeons_repo\rogue_dungeons\target\classes\alan\spells\cantrips\SacredFlame.class", "Java", 0, 30, 0, 0, 30
"c:\Users\almcg\Projects\rogue_dungeons_repo\rogue_dungeons\target\classes\alan\spells\cantrips\Shillelagh.class", "Java", 0, 27, 0, 0, 27
"c:\Users\almcg\Projects\rogue_dungeons_repo\rogue_dungeons\target\classes\alan\spells\cantrips\ShockingGrasp.class", "Java", 0, 27, 0, 0, 27
"c:\Users\almcg\Projects\rogue_dungeons_repo\rogue_dungeons\target\classes\alan\spells\cantrips\SorcerousBurst.class", "Java", 0, 29, 0, 0, 29
"c:\Users\almcg\Projects\rogue_dungeons_repo\rogue_dungeons\target\classes\alan\spells\cantrips\SpareTheDying.class", "Java", 0, 30, 0, 0, 30
"c:\Users\almcg\Projects\rogue_dungeons_repo\rogue_dungeons\target\classes\alan\spells\cantrips\StarryWisp.class", "Java", 0, 28, 0, 0, 28
"c:\Users\almcg\Projects\rogue_dungeons_repo\rogue_dungeons\target\classes\alan\spells\cantrips\Thaumaturgy.class", "Java", 0, 29, 0, 0, 29
"c:\Users\almcg\Projects\rogue_dungeons_repo\rogue_dungeons\target\classes\alan\spells\cantrips\ThornWhip.class", "Java", 0, 30, 0, 0, 30
"c:\Users\almcg\Projects\rogue_dungeons_repo\rogue_dungeons\target\classes\alan\spells\cantrips\Thunderclap.class", "Java", 0, 30, 0, 0, 30
"c:\Users\almcg\Projects\rogue_dungeons_repo\rogue_dungeons\target\classes\alan\spells\cantrips\TollTheDead.class", "Java", 0, 31, 0, 0, 31
"c:\Users\almcg\Projects\rogue_dungeons_repo\rogue_dungeons\target\classes\alan\spells\cantrips\TrueStrike.class", "Java", 0, 29, 0, 0, 29
"c:\Users\almcg\Projects\rogue_dungeons_repo\rogue_dungeons\target\classes\alan\spells\cantrips\ViciousMockery.class", "Java", 0, 28, 0, 0, 28
"c:\Users\almcg\Projects\rogue_dungeons_repo\rogue_dungeons\target\classes\alan\spells\cantrips\WordOfRadiance.class", "Java", 0, 30, 0, 0, 30
"c:\Users\almcg\Projects\rogue_dungeons_repo\rogue_dungeons\target\classes\alan\spells\level_one\Alarm.class", "Java", 0, 20, 0, 0, 20
"c:\Users\almcg\Projects\rogue_dungeons_repo\rogue_dungeons\target\classes\alan\spells\level_one\AnimalFriendship.class", "Java", 0, 26, 0, 0, 26
"c:\Users\almcg\Projects\rogue_dungeons_repo\rogue_dungeons\target\classes\alan\spells\level_one\ArmorOfAgathys.class", "Java", 0, 30, 0, 0, 30
"c:\Users\almcg\Projects\rogue_dungeons_repo\rogue_dungeons\target\classes\alan\spells\level_one\ArmsOfHadar.class", "Java", 0, 31, 0, 0, 31
"c:\Users\almcg\Projects\rogue_dungeons_repo\rogue_dungeons\target\classes\alan\spells\level_one\Bane.class", "Java", 0, 27, 0, 0, 27
"c:\Users\almcg\Projects\rogue_dungeons_repo\rogue_dungeons\target\classes\alan\spells\level_one\Bless.class", "Java", 0, 28, 0, 0, 28
"c:\Users\almcg\Projects\rogue_dungeons_repo\rogue_dungeons\target\classes\alan\spells\level_one\BurningHands.class", "Java", 0, 32, 0, 0, 32
"c:\Users\almcg\Projects\rogue_dungeons_repo\rogue_dungeons\target\classes\alan\spells\level_one\CharmPerson.class", "Java", 0, 24, 2, 0, 26
"c:\Users\almcg\Projects\rogue_dungeons_repo\rogue_dungeons\target\classes\alan\spells\level_one\ChromaticOrb.class", "Java", 0, 27, 0, 0, 27
"c:\Users\almcg\Projects\rogue_dungeons_repo\rogue_dungeons\target\classes\alan\spells\level_one\ColorSpray.class", "Java", 0, 23, 0, 0, 23
"c:\Users\almcg\Projects\rogue_dungeons_repo\rogue_dungeons\target\classes\alan\spells\level_one\Command.class", "Java", 0, 28, 0, 0, 28
"c:\Users\almcg\Projects\rogue_dungeons_repo\rogue_dungeons\target\classes\alan\spells\level_one\CompelledDuel.class", "Java", 0, 21, 0, 0, 21
"c:\Users\almcg\Projects\rogue_dungeons_repo\rogue_dungeons\target\classes\alan\spells\level_one\ComprehendLanguages.class", "Java", 0, 20, 0, 0, 20
"c:\Users\almcg\Projects\rogue_dungeons_repo\rogue_dungeons\target\classes\alan\spells\level_one\CreateOrDestroyWater.class", "Java", 0, 20, 0, 0, 20
"c:\Users\almcg\Projects\rogue_dungeons_repo\rogue_dungeons\target\classes\alan\spells\level_one\CureWounds.class", "Java", 0, 28, 0, 0, 28
"c:\Users\almcg\Projects\rogue_dungeons_repo\rogue_dungeons\target\classes\alan\spells\level_one\DetectEvilAndGood.class", "Java", 0, 19, 0, 0, 19
"c:\Users\almcg\Projects\rogue_dungeons_repo\rogue_dungeons\target\classes\alan\spells\level_one\DetectMagic.class", "Java", 0, 22, 0, 0, 22
"c:\Users\almcg\Projects\rogue_dungeons_repo\rogue_dungeons\target\classes\alan\spells\level_one\DetectPoisonAndDisease.class", "Java", 0, 21, 0, 0, 21
"c:\Users\almcg\Projects\rogue_dungeons_repo\rogue_dungeons\target\classes\alan\spells\level_one\DisguiseSelf.class", "Java", 0, 22, 0, 0, 22
"c:\Users\almcg\Projects\rogue_dungeons_repo\rogue_dungeons\target\classes\alan\spells\level_one\DissonantWhispers.class", "Java", 0, 30, 0, 0, 30
"c:\Users\almcg\Projects\rogue_dungeons_repo\rogue_dungeons\target\classes\alan\spells\level_one\DivineFavor.class", "Java", 0, 27, 0, 0, 27
"c:\Users\almcg\Projects\rogue_dungeons_repo\rogue_dungeons\target\classes\alan\spells\level_one\DivineSmite.class", "Java", 0, 30, 0, 1, 31
"c:\Users\almcg\Projects\rogue_dungeons_repo\rogue_dungeons\target\classes\alan\spells\level_one\EnsnaringStrike.class", "Java", 0, 29, 0, 0, 29
"c:\Users\almcg\Projects\rogue_dungeons_repo\rogue_dungeons\target\classes\alan\spells\level_one\Entangle.class", "Java", 0, 25, 0, 0, 25
"c:\Users\almcg\Projects\rogue_dungeons_repo\rogue_dungeons\target\classes\alan\spells\level_one\ExpeditiousRetreat_.class", "Java", 0, 18, 0, 0, 18
"c:\Users\almcg\Projects\rogue_dungeons_repo\rogue_dungeons\target\classes\alan\spells\level_one\FaerieFire.class", "Java", 0, 31, 0, 0, 31
"c:\Users\almcg\Projects\rogue_dungeons_repo\rogue_dungeons\target\classes\alan\spells\level_one\FalseLife.class", "Java", 0, 33, 0, 0, 33
"c:\Users\almcg\Projects\rogue_dungeons_repo\rogue_dungeons\target\classes\alan\spells\level_one\FeatherFall.class", "Java", 0, 24, 0, 0, 24
"c:\Users\almcg\Projects\rogue_dungeons_repo\rogue_dungeons\target\classes\alan\spells\level_one\FindFamiliar.class", "Java", 0, 18, 0, 0, 18
"c:\Users\almcg\Projects\rogue_dungeons_repo\rogue_dungeons\target\classes\alan\spells\level_one\FogCloud.class", "Java", 0, 21, 0, 0, 21
"c:\Users\almcg\Projects\rogue_dungeons_repo\rogue_dungeons\target\classes\alan\spells\level_one\Goodberry.class", "Java", 0, 17, 0, 0, 17
"c:\Users\almcg\Projects\rogue_dungeons_repo\rogue_dungeons\target\classes\alan\spells\level_one\Grease.class", "Java", 0, 15, 4, 0, 19
"c:\Users\almcg\Projects\rogue_dungeons_repo\rogue_dungeons\target\classes\alan\spells\level_one\GuidingBolt.class", "Java", 0, 28, 0, 0, 28
"c:\Users\almcg\Projects\rogue_dungeons_repo\rogue_dungeons\target\classes\alan\spells\level_one\HailOfThorns.class", "Java", 0, 31, 0, 0, 31
"c:\Users\almcg\Projects\rogue_dungeons_repo\rogue_dungeons\target\classes\alan\spells\level_one\HealingWord.class", "Java", 0, 29, 0, 0, 29
"c:\Users\almcg\Projects\rogue_dungeons_repo\rogue_dungeons\target\classes\alan\spells\level_one\HellishRebuke.class", "Java", 0, 33, 0, 0, 33
"c:\Users\almcg\Projects\rogue_dungeons_repo\rogue_dungeons\target\classes\alan\spells\level_one\Heroism.class", "Java", 0, 31, 0, 0, 31
"c:\Users\almcg\Projects\rogue_dungeons_repo\rogue_dungeons\target\classes\alan\spells\level_one\Hex.class", "Java", 0, 26, 0, 0, 26
"c:\Users\almcg\Projects\rogue_dungeons_repo\rogue_dungeons\target\classes\alan\spells\level_one\HuntersMark.class", "Java", 0, 25, 0, 0, 25
"c:\Users\almcg\Projects\rogue_dungeons_repo\rogue_dungeons\target\classes\alan\spells\level_one\IceKnife.class", "Java", 0, 39, 0, 0, 39
"c:\Users\almcg\Projects\rogue_dungeons_repo\rogue_dungeons\target\classes\alan\spells\level_one\Identify.class", "Java", 0, 19, 0, 0, 19
"c:\Users\almcg\Projects\rogue_dungeons_repo\rogue_dungeons\target\classes\alan\spells\level_one\InflictWounds.class", "Java", 0, 30, 0, 0, 30
"c:\Users\almcg\Projects\rogue_dungeons_repo\rogue_dungeons\target\classes\alan\spells\level_one\Jump.class", "Java", 0, 22, 0, 0, 22
"c:\Users\almcg\Projects\rogue_dungeons_repo\rogue_dungeons\target\classes\alan\spells\level_one\Longstrider.class", "Java", 0, 25, 0, 0, 25
"c:\Users\almcg\Projects\rogue_dungeons_repo\rogue_dungeons\target\classes\alan\spells\level_one\MageArmor.class", "Java", 0, 27, 0, 0, 27
"c:\Users\almcg\Projects\rogue_dungeons_repo\rogue_dungeons\target\classes\alan\spells\level_one\MagicMissile.class", "Java", 0, 30, 0, 0, 30
"c:\Users\almcg\Projects\rogue_dungeons_repo\rogue_dungeons\target\classes\alan\spells\level_one\ProtectionFromEvilAndGood.class", "Java", 0, 23, 0, 0, 23
"c:\Users\almcg\Projects\rogue_dungeons_repo\rogue_dungeons\target\classes\alan\spells\level_one\RayOfSickness.class", "Java", 0, 34, 0, 0, 34
"c:\Users\almcg\Projects\rogue_dungeons_repo\rogue_dungeons\target\classes\alan\spells\level_one\Sanctuary.class", "Java", 0, 18, 5, 0, 23
"c:\Users\almcg\Projects\rogue_dungeons_repo\rogue_dungeons\target\classes\alan\spells\level_one\SearingSmite.class", "Java", 0, 31, 0, 0, 31
"c:\Users\almcg\Projects\rogue_dungeons_repo\rogue_dungeons\target\classes\alan\spells\level_one\Shield.class", "Java", 0, 19, 0, 0, 19
"c:\Users\almcg\Projects\rogue_dungeons_repo\rogue_dungeons\target\classes\alan\spells\level_one\ShieldOfFaith.class", "Java", 0, 20, 0, 0, 20
"c:\Users\almcg\Projects\rogue_dungeons_repo\rogue_dungeons\target\classes\alan\spells\level_one\Sleep.class", "Java", 0, 46, 0, 0, 46
"c:\Users\almcg\Projects\rogue_dungeons_repo\rogue_dungeons\target\classes\alan\spells\level_one\SpeakWithAnimals.class", "Java", 0, 18, 0, 0, 18
"c:\Users\almcg\Projects\rogue_dungeons_repo\rogue_dungeons\target\classes\alan\spells\level_one\TashasHideousLaughter.class", "Java", 0, 28, 0, 0, 28
"c:\Users\almcg\Projects\rogue_dungeons_repo\rogue_dungeons\target\classes\alan\spells\level_one\ThunderousSmite.class", "Java", 0, 29, 0, 0, 29
"c:\Users\almcg\Projects\rogue_dungeons_repo\rogue_dungeons\target\classes\alan\spells\level_one\Thunderwave.class", "Java", 0, 33, 0, 0, 33
"c:\Users\almcg\Projects\rogue_dungeons_repo\rogue_dungeons\target\classes\alan\spells\level_one\WitchBolt.class", "Java", 0, 37, 0, 0, 37
"c:\Users\almcg\Projects\rogue_dungeons_repo\rogue_dungeons\target\classes\alan\spells\level_one\WrathfulSmite.class", "Java", 0, 29, 0, 0, 29
"Total", "-", 13, 14832, 744, 2509, 18098