"filename", "language", "Java", "comment", "blank", "total"
"c:\Users\almcg\Projects\rogue_dungeons_repo\rogue_dungeons\src\main\java\alan\Constants.java", "Java", 1, 0, 0, 1
"c:\Users\almcg\Projects\rogue_dungeons_repo\rogue_dungeons\src\main\java\alan\Main.java", "Java", 0, 0, 1, 1
"c:\Users\almcg\Projects\rogue_dungeons_repo\rogue_dungeons\src\main\java\alan\creatures\ArmorClass.java", "Java", 23, 6, 8, 37
"c:\Users\almcg\Projects\rogue_dungeons_repo\rogue_dungeons\src\main\java\alan\creatures\Creature.java", "Java", -1, 0, 1, 0
"c:\Users\almcg\Projects\rogue_dungeons_repo\rogue_dungeons\src\main\java\alan\creatures\PartyPlayers.java", "Java", 1, 0, 0, 1
"c:\Users\almcg\Projects\rogue_dungeons_repo\rogue_dungeons\src\main\java\alan\creatures\PlayableCharacter.java", "Java", 4, 0, 5, 9
"c:\Users\almcg\Projects\rogue_dungeons_repo\rogue_dungeons\src\main\java\alan\equipment\Weapon.java", "Java", 8, 2, 2, 12
"c:\Users\almcg\Projects\rogue_dungeons_repo\rogue_dungeons\src\main\java\alan\game_panel\Card.java", "Java", 24, 0, 11, 35
"c:\Users\almcg\Projects\rogue_dungeons_repo\rogue_dungeons\src\main\java\alan\interfaces\DiceRoll.java", "Java", 2, 0, 2, 4
"c:\Users\almcg\Projects\rogue_dungeons_repo\rogue_dungeons\src\main\java\alan\player_class\Barbarian.java", "Java", 2, 1, 0, 3
"c:\Users\almcg\Projects\rogue_dungeons_repo\rogue_dungeons\src\main\java\alan\player_class\Bard.java", "Java", 4, 1, -1, 4
"c:\Users\almcg\Projects\rogue_dungeons_repo\rogue_dungeons\src\main\java\alan\player_class\Cleric.java", "Java", -4, 3, -5, -6
"c:\Users\almcg\Projects\rogue_dungeons_repo\rogue_dungeons\src\main\java\alan\player_class\Druid.java", "Java", 4, 3, -3, 4
"c:\Users\almcg\Projects\rogue_dungeons_repo\rogue_dungeons\src\main\java\alan\player_class\Fighter.java", "Java", -8, 1, -7, -14
"c:\Users\almcg\Projects\rogue_dungeons_repo\rogue_dungeons\src\main\java\alan\player_class\Monk.java", "Java", 27, 11, 12, 50
"c:\Users\almcg\Projects\rogue_dungeons_repo\rogue_dungeons\src\main\java\alan\player_class\Paladin.java", "Java", 55, 13, 24, 92
"c:\Users\almcg\Projects\rogue_dungeons_repo\rogue_dungeons\src\main\java\alan\player_class\PlayerClass.java", "Java", 9, 3, 3, 15
"c:\Users\almcg\Projects\rogue_dungeons_repo\rogue_dungeons\src\main\java\alan\player_class\SpellSlots.java", "Java", 11, 6, 4, 21
"c:\Users\almcg\Projects\rogue_dungeons_repo\rogue_dungeons\src\main\java\alan\player_class\features\FeatureAbstract.java", "Java", 12, 0, 6, 18
"c:\Users\almcg\Projects\rogue_dungeons_repo\rogue_dungeons\src\main\java\alan\player_class\features\class_features\LayOnHands.java", "Java", 69, 19, 16, 104
"c:\Users\almcg\Projects\rogue_dungeons_repo\rogue_dungeons\src\main\java\alan\player_class\features\class_features\MartialArts.java", "Java", 67, 26, 10, 103
"c:\Users\almcg\Projects\rogue_dungeons_repo\rogue_dungeons\src\main\java\alan\player_class\features\class_features\Rage.java", "Java", 1, 0, 0, 1
"c:\Users\almcg\Projects\rogue_dungeons_repo\rogue_dungeons\src\main\java\alan\player_class\features\class_features\SecondWind.java", "Java", 36, 3, 13, 52
"c:\Users\almcg\Projects\rogue_dungeons_repo\rogue_dungeons\src\main\java\alan\player_class\features\class_features\UnarmoredDefense.java", "Java", 6, 0, 0, 6
"c:\Users\almcg\Projects\rogue_dungeons_repo\rogue_dungeons\src\main\java\alan\player_class\features\class_features\WeaponMastery.java", "Java", -6, 0, 0, -6
"c:\Users\almcg\Projects\rogue_dungeons_repo\rogue_dungeons\src\main\java\alan\player_class\features\fighting_style_features\Defense.java", "Java", 7, -2, 1, 6
"c:\Users\almcg\Projects\rogue_dungeons_repo\rogue_dungeons\src\main\java\alan\spells\SpellAbstract.java", "Java", 8, 2, 2, 12
"c:\Users\almcg\Projects\rogue_dungeons_repo\rogue_dungeons\target\classes\alan\Main.class", "Java", 2, 0, 0, 2
"c:\Users\almcg\Projects\rogue_dungeons_repo\rogue_dungeons\target\classes\alan\creatures\ArmorClass$1.class", "Java", 12, 0, 0, 12
"c:\Users\almcg\Projects\rogue_dungeons_repo\rogue_dungeons\target\classes\alan\creatures\ArmorClass.class", "Java", 1, 0, 5, 6
"c:\Users\almcg\Projects\rogue_dungeons_repo\rogue_dungeons\target\classes\alan\creatures\Creature.class", "Java", -6, 0, -1, -7
"c:\Users\almcg\Projects\rogue_dungeons_repo\rogue_dungeons\target\classes\alan\creatures\PartyPlayers.class", "Java", 2, 0, 0, 2
"c:\Users\almcg\Projects\rogue_dungeons_repo\rogue_dungeons\target\classes\alan\creatures\PlayableCharacter.class", "Java", 1, 0, 0, 1
"c:\Users\almcg\Projects\rogue_dungeons_repo\rogue_dungeons\target\classes\alan\equipment\Weapon.class", "Java", -1, 0, 0, -1
"c:\Users\almcg\Projects\rogue_dungeons_repo\rogue_dungeons\target\classes\alan\game_panel\Card.class", "Java", 14, 0, 0, 14
"c:\Users\almcg\Projects\rogue_dungeons_repo\rogue_dungeons\target\classes\alan\grid_panel\Cell.class", "Java", -2, 0, 0, -2
"c:\Users\almcg\Projects\rogue_dungeons_repo\rogue_dungeons\target\classes\alan\grid_panel\GridManager.class", "Java", -3, 0, -1, -4
"c:\Users\almcg\Projects\rogue_dungeons_repo\rogue_dungeons\target\classes\alan\player_class\Barbarian.class", "Java", 3, 0, 0, 3
"c:\Users\almcg\Projects\rogue_dungeons_repo\rogue_dungeons\target\classes\alan\player_class\Bard.class", "Java", 5, 0, -1, 4
"c:\Users\almcg\Projects\rogue_dungeons_repo\rogue_dungeons\target\classes\alan\player_class\Cleric$1.class", "Java", 9, 0, 0, 9
"c:\Users\almcg\Projects\rogue_dungeons_repo\rogue_dungeons\target\classes\alan\player_class\Cleric.class", "Java", 7, 0, 0, 7
"c:\Users\almcg\Projects\rogue_dungeons_repo\rogue_dungeons\target\classes\alan\player_class\Druid$1.class", "Java", 10, 0, 0, 10
"c:\Users\almcg\Projects\rogue_dungeons_repo\rogue_dungeons\target\classes\alan\player_class\Druid.class", "Java", 6, 0, 0, 6
"c:\Users\almcg\Projects\rogue_dungeons_repo\rogue_dungeons\target\classes\alan\player_class\Fighter.class", "Java", 5, -1, 0, 4
"c:\Users\almcg\Projects\rogue_dungeons_repo\rogue_dungeons\target\classes\alan\player_class\Monk.class", "Java", 19, 0, 0, 19
"c:\Users\almcg\Projects\rogue_dungeons_repo\rogue_dungeons\target\classes\alan\player_class\Paladin.class", "Java", 42, 0, 0, 42
"c:\Users\almcg\Projects\rogue_dungeons_repo\rogue_dungeons\target\classes\alan\player_class\PlayerClass$1.class", "Java", 9, 0, 0, 9
"c:\Users\almcg\Projects\rogue_dungeons_repo\rogue_dungeons\target\classes\alan\player_class\PlayerClass.class", "Java", -53, 56, 0, 3
"c:\Users\almcg\Projects\rogue_dungeons_repo\rogue_dungeons\target\classes\alan\player_class\SpellSlots.class", "Java", 19, 0, 0, 19
"c:\Users\almcg\Projects\rogue_dungeons_repo\rogue_dungeons\target\classes\alan\player_class\features\FeatureAbstract.class", "Java", 4, 0, 0, 4
"c:\Users\almcg\Projects\rogue_dungeons_repo\rogue_dungeons\target\classes\alan\player_class\features\class_features\LayOnHands.class", "Java", 49, 0, 0, 49
"c:\Users\almcg\Projects\rogue_dungeons_repo\rogue_dungeons\target\classes\alan\player_class\features\class_features\MartialArts.class", "Java", 53, 2, 0, 55
"c:\Users\almcg\Projects\rogue_dungeons_repo\rogue_dungeons\target\classes\alan\player_class\features\class_features\SecondWind.class", "Java", 36, 5, 0, 41
"c:\Users\almcg\Projects\rogue_dungeons_repo\rogue_dungeons\target\classes\alan\player_class\features\class_features\UnarmoredDefense.class", "Java", 2, 0, 0, 2
"c:\Users\almcg\Projects\rogue_dungeons_repo\rogue_dungeons\target\classes\alan\player_class\features\class_features\WeaponMastery.class", "Java", -7, 0, 0, -7
"c:\Users\almcg\Projects\rogue_dungeons_repo\rogue_dungeons\target\classes\alan\player_class\features\fighting_style_features\Defense.class", "Java", -4, 0, 0, -4
"c:\Users\almcg\Projects\rogue_dungeons_repo\rogue_dungeons\target\classes\alan\skills\ConditionEffect.class", "Java", -2, 0, 0, -2
"c:\Users\almcg\Projects\rogue_dungeons_repo\rogue_dungeons\target\classes\alan\skills\Skill.class", "Java", -5, 0, 0, -5
"c:\Users\almcg\Projects\rogue_dungeons_repo\rogue_dungeons\target\classes\alan\spells\SpellAbstract.class", "Java", 2, 0, 0, 2
"c:\Users\almcg\Projects\rogue_dungeons_repo\rogue_dungeons\target\classes\alan\spells\level_one\MageArmor.class", "Java", 2, 0, 0, 2
"Total", "-", 593, 160, 107, 860